19.676166874, 49.979368143, 0
19.676179370, 49.979372133, 1
19.676191624, 49.979376406, 2
19.676203559, 49.979381055, 3
19.676215494, 49.979385704, 4
19.676227429, 49.979390353, 5
19.676239364, 49.979395002, 6
19.676251298, 49.979399651, 7
19.676263233, 49.979404300, 8
19.676275168, 49.979408949, 9
19.676287103, 49.979413598, 10
19.676299038, 49.979418247, 11
19.676310972, 49.979422896, 12
19.676322986, 49.979427460, 13
19.676335064, 49.979431952, 14
19.676347142, 49.979436444, 15
19.676359220, 49.979440937, 16
19.676371298, 49.979445429, 17
19.676383376, 49.979449922, 18
19.676395455, 49.979454414, 19
19.676407533, 49.979458907, 20
19.676420482, 49.979462228, 21
19.676433475, 49.979465490, 22
19.676446469, 49.979468752, 23
19.676459462, 49.979472013, 24
19.676472456, 49.979475275, 25
19.676485449, 49.979478537, 26
19.676498659, 49.979481378, 27
19.676512530, 49.979481050, 28
19.676526401, 49.979480137, 29
19.676540287, 49.979479370, 30
19.676554201, 49.979479385, 31
19.676565539, 49.979478541, 32
19.676568783, 49.979469890, 33
19.676569336, 49.979460951, 34
19.676569342, 49.979451960, 35
19.676569349, 49.979442969, 36
19.676569355, 49.979433977, 37
19.676569362, 49.979424986, 38
19.676569368, 49.979415994, 39
19.676569158, 49.979407004, 40
19.676568922, 49.979398014, 41
19.676568686, 49.979389024, 42
19.676568450, 49.979380034, 43
19.676568214, 49.979371044, 44
19.676568283, 49.979362057, 45
19.676569028, 49.979353079, 46
19.676569774, 49.979344100, 47
19.676570520, 49.979335122, 48
19.676571265, 49.979326143, 49
19.676572295, 49.979317179, 50
19.676573754, 49.979308237, 51
19.676575213, 49.979299295, 52
19.676576747, 49.979290359, 53
19.676578756, 49.979281462, 54
19.676580765, 49.979272564, 55
19.676582774, 49.979263666, 56
19.676584783, 49.979254769, 57
19.676587638, 49.979245985, 58
19.676591309, 49.979237311, 59
19.676594979, 49.979228636, 60
19.676598649, 49.979219962, 61
19.676603381, 49.979211522, 62
19.676608733, 49.979203220, 63
19.676614084, 49.979194917, 64
19.676619928, 49.979186778, 65
19.676627284, 49.979179139, 66
19.676634639, 49.979171500, 67
19.676641994, 49.979163862, 68
19.676651497, 49.979157296, 69
19.676661133, 49.979150798, 70
19.676670769, 49.979144299, 71
19.676680405, 49.979137801, 72
19.676691901, 49.979132713, 73
19.676703398, 49.979127626, 74
19.676714895, 49.979122539, 75
19.676727469, 49.979118656, 76
19.676740056, 49.979114788, 77
19.676753315, 49.979112047, 78
19.676766679, 49.979109483, 79
19.676780044, 49.979106919, 80
19.676793408, 49.979104355, 81
19.676806995, 49.979102471, 82
19.676820826, 49.979101332, 83
19.676834657, 49.979100193, 84
19.676848487, 49.979099053, 85
19.676862318, 49.979097914, 86
19.676876245, 49.979098160, 87
19.676890179, 49.979098496, 88
19.676904095, 49.979098985, 89
19.676917950, 49.979099990, 90
19.676931806, 49.979100994, 91
19.676945662, 49.979101999, 92
19.676959492, 49.979103112, 93
19.676973164, 49.979104877, 94
19.676986835, 49.979106643, 95
19.677000507, 49.979108408, 96
19.677013699, 49.979111288, 97
19.677026826, 49.979114320, 98
19.677039909, 49.979117417, 99
19.677052336, 49.979121495, 100
19.677064762, 49.979125572, 101
19.677077160, 49.979129683, 102
19.677088810, 49.979134623, 103
19.677100461, 49.979139563, 104
19.677112111, 49.979144502, 105
19.677122764, 49.979150300, 106
19.677133381, 49.979156129, 107
19.677143944, 49.979161991, 108
19.677152766, 49.979168954, 109
19.677161587, 49.979175917, 110
19.677170409, 49.979182880, 111
19.677178972, 49.979189955, 112
19.677185642, 49.979197851, 113
19.677192312, 49.979205747, 114
19.677198094, 49.979213909, 115
19.677203160, 49.979222286, 116
19.677208227, 49.979230663, 117
19.677212966, 49.979239112, 118
19.677216936, 49.979247731, 119
19.677220906, 49.979256351, 120
19.677224875, 49.979264970, 121
19.677228003, 49.979273715, 122
19.677230289, 49.979282584, 123
19.677232576, 49.979291454, 124
19.677234377, 49.979300367, 125
19.677235919, 49.979309303, 126
19.677237461, 49.979318239, 127
19.677239003, 49.979327176, 128
19.677239372, 49.979336162, 129
19.677239668, 49.979345151, 130
19.677239965, 49.979354141, 131
19.677240261, 49.979363130, 132
19.677240558, 49.979372119, 133
19.677240854, 49.979381109, 134
19.677241151, 49.979390098, 135
19.677241288, 49.979399089, 136
19.677241363, 49.979408080, 137
19.677241438, 49.979417071, 138
19.677241513, 49.979426063, 139
19.677241588, 49.979435054, 140
19.677241662, 49.979444045, 141
19.677241737, 49.979453036, 142
19.677241812, 49.979462028, 143
19.677241887, 49.979471019, 144
19.677241920, 49.979480010, 145
19.677241929, 49.979489002, 146
19.677241938, 49.979497993, 147
19.677241947, 49.979506984, 148
19.677241956, 49.979515976, 149
19.677241966, 49.979524967, 150
19.677241975, 49.979533959, 151
19.677241984, 49.979542950, 152
19.677241993, 49.979551941, 153
19.677242002, 49.979560933, 154
19.677242261, 49.979569923, 155
19.677242542, 49.979578912, 156
19.677242822, 49.979587902, 157
19.677243103, 49.979596891, 158
19.677243383, 49.979605881, 159
19.677243664, 49.979614870, 160
19.677243944, 49.979623860, 161
19.677244225, 49.979632850, 162
19.677244505, 49.979641839, 163
19.677244785, 49.979650829, 164
19.677245066, 49.979659818, 165
19.677245306, 49.979668808, 166
19.677245542, 49.979677798, 167
19.677245778, 49.979686789, 168
19.677246013, 49.979695779, 169
19.677246249, 49.979704769, 170
19.677246484, 49.979713759, 171
19.677246720, 49.979722749, 172
19.677246956, 49.979731739, 173
19.677247119, 49.979740730, 174
19.677247211, 49.979749721, 175
19.677247304, 49.979758712, 176
19.677247397, 49.979767703, 177
19.677247489, 49.979776695, 178
19.677247582, 49.979785686, 179
19.677247674, 49.979794677, 180
19.677247812, 49.979803668, 181
19.677248005, 49.979812658, 182
19.677248197, 49.979821649, 183
19.677248389, 49.979830639, 184
19.677248581, 49.979839630, 185
19.677248774, 49.979848621, 186
19.677248966, 49.979857611, 187
19.677249158, 49.979866602, 188
19.677249378, 49.979875592, 189
19.677249716, 49.979884581, 190
19.677250054, 49.979893569, 191
19.677250392, 49.979902558, 192
19.677250730, 49.979911547, 193
19.677251068, 49.979920536, 194
19.677251121, 49.979929527, 195
19.677251125, 49.979938518, 196
19.677251129, 49.979947509, 197
19.677251134, 49.979956501, 198
19.677251138, 49.979965492, 199
19.677251142, 49.979974484, 200
19.677251141, 49.979983475, 201
19.677251140, 49.979992466, 202
19.677251139, 49.980001458, 203
19.677251139, 49.980010449, 204
19.677251138, 49.980019440, 205
19.677251128, 49.980028432, 206
19.677251095, 49.980037423, 207
19.677251062, 49.980046415, 208
19.677251029, 49.980055406, 209
19.677250997, 49.980064397, 210
19.677250989, 49.980073389, 211
19.677250981, 49.980082380, 212
19.677250972, 49.980091372, 213
19.677250964, 49.980100363, 214
19.677250956, 49.980109354, 215
19.677250948, 49.980118346, 216
19.677250940, 49.980127337, 217
19.677251209, 49.980136327, 218
19.677251494, 49.980145316, 219
19.677251780, 49.980154306, 220
19.677252065, 49.980163295, 221
19.677252351, 49.980172285, 222
19.677252636, 49.980181274, 223
19.677252921, 49.980190264, 224
19.677253207, 49.980199253, 225
19.677253284, 49.980208244, 226
19.677253194, 49.980217235, 227
19.677253104, 49.980226226, 228
19.677253014, 49.980235217, 229
19.677252924, 49.980244209, 230
19.677252834, 49.980253200, 231
19.677253097, 49.980262189, 232
19.677253389, 49.980271179, 233
19.677253681, 49.980280168, 234
19.677253972, 49.980289158, 235
19.677254264, 49.980298147, 236
19.677254556, 49.980307136, 237
19.677254847, 49.980316126, 238
19.677255198, 49.980325114, 239
19.677255556, 49.980334103, 240
19.677255914, 49.980343091, 241
19.677256273, 49.980352080, 242
19.677256631, 49.980361068, 243
19.677256989, 49.980370057, 244
19.677257347, 49.980379045, 245
19.677257705, 49.980388033, 246
19.677258022, 49.980397022, 247
19.677258265, 49.980406012, 248
19.677258508, 49.980415002, 249
19.677258751, 49.980423992, 250
19.677258994, 49.980432982, 251
19.677259238, 49.980441973, 252
19.677259481, 49.980450963, 253
19.677259724, 49.980459953, 254
19.677259897, 49.980468943, 255
19.677259952, 49.980477934, 256
19.677260008, 49.980486926, 257
19.677260063, 49.980495917, 258
19.677260119, 49.980504908, 259
19.677260175, 49.980513900, 260
19.677260252, 49.980522891, 261
19.677260393, 49.980531882, 262
19.677260535, 49.980540873, 263
19.677260676, 49.980549864, 264
19.677260817, 49.980558855, 265
19.677260959, 49.980567846, 266
19.677261095, 49.980576837, 267
19.677261133, 49.980585828, 268
19.677261172, 49.980594819, 269
19.677261211, 49.980603811, 270
19.677261249, 49.980612802, 271
19.677261288, 49.980621793, 272
19.677261179, 49.980630784, 273
19.677261065, 49.980639776, 274
19.677260848, 49.980648765, 275
19.677260158, 49.980657745, 276
19.677258962, 49.980666682, 277
19.677255961, 49.980675462, 278
19.677252959, 49.980684243, 279
19.677249613, 49.980692967, 280
19.677245691, 49.980701595, 281
19.677241769, 49.980710223, 282
19.677236839, 49.980718618, 283
19.677231333, 49.980726879, 284
19.677225828, 49.980735140, 285
19.677220180, 49.980743357, 286
19.677213929, 49.980751395, 287
19.677207678, 49.980759432, 288
19.677201323, 49.980767433, 289
19.677194398, 49.980775237, 290
19.677187474, 49.980783042, 291
19.677179792, 49.980790508, 292
19.677170900, 49.980797434, 293
19.677162009, 49.980804360, 294
19.677152203, 49.980810697, 295
19.677141466, 49.980816433, 296
19.677130636, 49.980822096, 297
19.677119714, 49.980827686, 298
19.677108519, 49.980833035, 299
19.677096959, 49.980838063, 300
19.677085399, 49.980843090, 301
19.677073056, 49.980847244, 302
19.677060521, 49.980851181, 303
19.677047985, 49.980855118, 304
19.677035333, 49.980858842, 305
19.677021724, 49.980860799, 306
19.677008115, 49.980862757, 307
19.676994395, 49.980864358, 308
19.676980664, 49.980865921, 309
19.676966932, 49.980867484, 310
19.676953128, 49.980868740, 311
19.676939303, 49.980869913, 312
19.676925479, 49.980871087, 313
19.676911610, 49.980871790, 314
19.676897668, 49.980871689, 315
19.676883725, 49.980871588, 316
19.676870311, 49.980869432, 317
19.676857065, 49.980866624, 318
19.676843768, 49.980863923, 319
19.676830870, 49.980860507, 320
19.676817972, 49.980857090, 321
19.676805074, 49.980853674, 322
19.676792177, 49.980850257, 323
19.676779279, 49.980846840, 324
19.676767425, 49.980842164, 325
19.676755857, 49.980837144, 326
19.676744289, 49.980832124, 327
19.676732721, 49.980827104, 328
19.676721153, 49.980822084, 329
19.676709585, 49.980817064, 330
19.676699082, 49.980811166, 331
19.676688740, 49.980805135, 332
19.676678398, 49.980799104, 333
19.676668055, 49.980793074, 334
19.676658486, 49.980786577, 335
19.676649897, 49.980779494, 336
19.676641307, 49.980772411, 337
19.676632718, 49.980765329, 338
19.676624735, 49.980757977, 339
19.676617557, 49.980750269, 340
19.676611084, 49.980742323, 341
19.676605403, 49.980734112, 342
19.676600214, 49.980725773, 343
19.676595486, 49.980717314, 344
19.676594228, 49.980708367, 345
19.676593060, 49.980699407, 346
19.676591891, 49.980690447, 347
19.676591397, 49.980681465, 348
19.676591119, 49.980672475, 349
19.676590840, 49.980663486, 350
19.676590561, 49.980654496, 351
19.676590256, 49.980645507, 352
19.676589909, 49.980636518, 353
19.676589561, 49.980627530, 354
19.676589214, 49.980618541, 355
19.676588867, 49.980609553, 356
19.676588519, 49.980600564, 357
19.676588172, 49.980591575, 358
19.676587825, 49.980582587, 359
19.676587477, 49.980573598, 360
19.676587130, 49.980564610, 361
19.676586783, 49.980555621, 362
19.676586436, 49.980546632, 363
19.676586088, 49.980537644, 364
19.676585741, 49.980528655, 365
19.676585561, 49.980519665, 366
19.676585397, 49.980510674, 367
19.676585233, 49.980501683, 368
19.676585069, 49.980492692, 369
19.676584905, 49.980483702, 370
19.676584741, 49.980474711, 371
19.676584577, 49.980465720, 372
19.676584413, 49.980456729, 373
19.676584249, 49.980447738, 374
19.676584086, 49.980438748, 375
19.676583922, 49.980429757, 376
19.676583758, 49.980420766, 377
19.676583594, 49.980411775, 378
19.676583430, 49.980402785, 379
19.676583266, 49.980393794, 380
19.676583100, 49.980384803, 381
19.676582934, 49.980375812, 382
19.676582767, 49.980366822, 383
19.676582600, 49.980357831, 384
19.676582433, 49.980348840, 385
19.676582267, 49.980339849, 386
19.676582100, 49.980330859, 387
19.676581933, 49.980321868, 388
19.676581766, 49.980312877, 389
19.676581600, 49.980303886, 390
19.676581433, 49.980294896, 391
19.676581266, 49.980285905, 392
19.676581099, 49.980276914, 393
19.676580933, 49.980267923, 394
19.676580766, 49.980258933, 395
19.676580874, 49.980249942, 396
19.676580985, 49.980240950, 397
19.676581097, 49.980231959, 398
19.676581209, 49.980222968, 399
19.676581320, 49.980213977, 400
19.676581432, 49.980204986, 401
19.676581543, 49.980195995, 402
19.676581655, 49.980187004, 403
19.676581767, 49.980178013, 404
19.676581878, 49.980169022, 405
19.676581775, 49.980160031, 406
19.676581645, 49.980151040, 407
19.676581515, 49.980142049, 408
19.676581385, 49.980133058, 409
19.676581255, 49.980124067, 410
19.676581125, 49.980115076, 411
19.676580995, 49.980106085, 412
19.676580865, 49.980097094, 413
19.676580735, 49.980088103, 414
19.676580605, 49.980079112, 415
19.676580475, 49.980070121, 416
19.676580345, 49.980061130, 417
19.676580215, 49.980052139, 418
19.676580085, 49.980043148, 419
19.676579955, 49.980034157, 420
19.676579825, 49.980025166, 421
19.676579694, 49.980016175, 422
19.676579564, 49.980007184, 423
19.676579434, 49.979998193, 424
19.676579304, 49.979989202, 425
19.676579174, 49.979980211, 426
19.676579015, 49.979971220, 427
19.676578856, 49.979962229, 428
19.676578697, 49.979953238, 429
19.676578537, 49.979944247, 430
19.676578378, 49.979935256, 431
19.676578219, 49.979926266, 432
19.676578059, 49.979917275, 433
19.676577900, 49.979908284, 434
19.676577740, 49.979899293, 435
19.676577581, 49.979890302, 436
19.676577422, 49.979881312, 437
19.676577262, 49.979872321, 438
19.676577103, 49.979863330, 439
19.676576944, 49.979854339, 440
19.676576784, 49.979845348, 441
19.676576625, 49.979836358, 442
19.676576466, 49.979827367, 443
19.676576306, 49.979818376, 444
19.676576147, 49.979809385, 445
19.676575987, 49.979800394, 446
19.676575828, 49.979791404, 447
19.676575669, 49.979782413, 448
19.676575509, 49.979773422, 449
19.676575350, 49.979764431, 450
19.676575191, 49.979755440, 451
19.676575031, 49.979746450, 452
19.676574872, 49.979737459, 453
19.676574712, 49.979728468, 454
19.676574553, 49.979719477, 455
19.676574394, 49.979710486, 456
19.676574466, 49.979701495, 457
19.676574547, 49.979692504, 458
19.676574628, 49.979683513, 459
19.676574709, 49.979674521, 460
19.676574790, 49.979665530, 461
19.676574743, 49.979656539, 462
19.676574616, 49.979647548, 463
19.676574489, 49.979638557, 464
19.676574362, 49.979629566, 465
19.676574235, 49.979620575, 466
19.676574108, 49.979611584, 467
19.676573966, 49.979602593, 468
19.676573823, 49.979593602, 469
19.676573680, 49.979584611, 470
19.676573537, 49.979575620, 471
19.676573394, 49.979566629, 472
19.676573251, 49.979557638, 473
19.676573108, 49.979548647, 474
19.676572965, 49.979539657, 475
19.676572485, 49.979530672, 476
19.676571837, 49.979521690, 477
19.676571190, 49.979512708, 478
19.676570542, 49.979503727, 479
19.676569895, 49.979494745, 480
19.676568418, 49.979485809, 481
19.676559773, 49.979481152, 482
19.676546022, 49.979479714, 483
19.676532097, 49.979480178, 484
19.676518179, 49.979480720, 485
19.676504277, 49.979481407, 486
19.676490606, 49.979479875, 487
19.676477636, 49.979476575, 488
19.676464642, 49.979473314, 489
19.676451649, 49.979470052, 490
19.676438655, 49.979466790, 491
19.676425662, 49.979463529, 492
19.676412668, 49.979460267, 493
19.676400270, 49.979456205, 494
19.676388192, 49.979451713, 495
19.676376113, 49.979447220, 496
19.676364035, 49.979442728, 497
19.676351957, 49.979438235, 498
19.676339879, 49.979433743, 499
19.676327801, 49.979429251, 500
19.676315731, 49.979424750, 501
19.676303796, 49.979420101, 502
19.676291861, 49.979415452, 503
19.676279926, 49.979410803, 504
19.676267991, 49.979406154, 505
19.676256056, 49.979401505, 506
19.676244122, 49.979396856, 507
19.676232187, 49.979392207, 508
19.676220252, 49.979387558, 509
19.676208317, 49.979382909, 510
19.676196382, 49.979378260, 511
19.676184351, 49.979373724, 512
19.676171856, 49.979369734, 513
19.676174388, 49.979370542, 514
19.676186866, 49.979374553, 515
19.676198801, 49.979379202, 516
19.676210736, 49.979383851, 517
19.676222671, 49.979388500, 518
19.676234605, 49.979393149, 519
19.676246540, 49.979397798, 520
19.676258475, 49.979402447, 521
19.676270410, 49.979407096, 522
19.676282345, 49.979411745, 523
19.676294280, 49.979416394, 524
19.676306214, 49.979421043, 525
19.676318170, 49.979425669, 526
19.676330249, 49.979430161, 527
19.676342327, 49.979434653, 528
19.676354405, 49.979439146, 529
19.676366483, 49.979443638, 530
19.676378561, 49.979448131, 531
19.676390639, 49.979452623, 532
19.676402717, 49.979457116, 533
19.676415252, 49.979461008, 534
19.676428155, 49.979464416, 535
19.676441058, 49.979467823, 536
19.676453962, 49.979471231, 537
19.676466865, 49.979474638, 538
19.676479768, 49.979478045, 539
19.676493049, 49.979480648, 540
19.676506006, 49.979483758, 541
19.676518638, 49.979487423, 542
19.676531384, 49.979490295, 543
19.676545153, 49.979491713, 544
19.676559058, 49.979492329, 545
19.676573000, 49.979492393, 546
19.676586943, 49.979492429, 547
19.676599708, 49.979490720, 548
19.676600643, 49.979481964, 549
19.676600590, 49.979472973, 550
19.676600536, 49.979463981, 551
19.676600562, 49.979454990, 552
19.676600629, 49.979445999, 553
19.676600695, 49.979437007, 554
19.676600798, 49.979428016, 555
19.676601170, 49.979419028, 556
19.676601541, 49.979410040, 557
19.676601912, 49.979401052, 558
19.676602284, 49.979392064, 559
19.676602655, 49.979383075, 560
19.676603026, 49.979374087, 561
19.676603453, 49.979365100, 562
19.676603909, 49.979356114, 563
19.676604365, 49.979347127, 564
19.676604820, 49.979338140, 565
19.676605454, 49.979329160, 566
19.676606486, 49.979320193, 567
19.676607518, 49.979311226, 568
19.676608550, 49.979302260, 569
19.676610431, 49.979293353, 570
19.676612445, 49.979284456, 571
19.676614458, 49.979275559, 572
19.676616725, 49.979266693, 573
19.676619967, 49.979257948, 574
19.676623210, 49.979249203, 575
19.676626452, 49.979240458, 576
19.676630899, 49.979231946, 577
19.676635654, 49.979223494, 578
19.676640409, 49.979215042, 579
19.676645947, 49.979206823, 580
19.676652863, 49.979199016, 581
19.676659780, 49.979191209, 582
19.676666697, 49.979183401, 583
19.676673613, 49.979175594, 584
19.676681851, 49.979168432, 585
19.676691629, 49.979162022, 586
19.676701407, 49.979155612, 587
19.676711185, 49.979149202, 588
19.676722247, 49.979143868, 589
19.676734359, 49.979139414, 590
19.676746471, 49.979134960, 591
19.676758583, 49.979130506, 592
19.676771269, 49.979127096, 593
19.676785028, 49.979125641, 594
19.676798788, 49.979124185, 595
19.676812547, 49.979122730, 596
19.676826306, 49.979121274, 597
19.676840066, 49.979119819, 598
19.676853825, 49.979118363, 599
19.676867576, 49.979117523, 600
19.676881295, 49.979119128, 601
19.676895014, 49.979120734, 602
19.676908733, 49.979122340, 603
19.676922452, 49.979123945, 604
19.676935636, 49.979126810, 605
19.676948706, 49.979129943, 606
19.676961775, 49.979133075, 607
19.676974845, 49.979136208, 608
19.676987662, 49.979139688, 609
19.676999751, 49.979144167, 610
19.677011841, 49.979148647, 611
19.677023930, 49.979153126, 612
19.677036020, 49.979157606, 613
19.677047240, 49.979162933, 614
19.677058363, 49.979168355, 615
19.677069485, 49.979173778, 616
19.677080607, 49.979179200, 617
19.677091150, 49.979185040, 618
19.677100725, 49.979191576, 619
19.677110300, 49.979198112, 620
19.677119874, 49.979204648, 621
19.677129449, 49.979211185, 622
19.677137687, 49.979218434, 623
19.677145850, 49.979225724, 624
19.677154013, 49.979233013, 625
19.677162176, 49.979240302, 626
19.677170028, 49.979247706, 627
19.677175584, 49.979255953, 628
19.677181140, 49.979264200, 629
19.677186696, 49.979272446, 630
19.677192251, 49.979280693, 631
19.677195278, 49.979289420, 632
19.677197529, 49.979298293, 633
19.677199780, 49.979307166, 634
19.677202031, 49.979316040, 635
19.677203878, 49.979324938, 636
19.677204211, 49.979333926, 637
19.677204545, 49.979342915, 638
19.677204879, 49.979351904, 639
19.677205213, 49.979360893, 640
19.677205527, 49.979369882, 641
19.677205796, 49.979378872, 642
19.677206064, 49.979387861, 643
19.677206333, 49.979396851, 644
19.677206602, 49.979405841, 645
19.677206870, 49.979414831, 646
19.677207139, 49.979423820, 647
19.677207408, 49.979432810, 648
19.677207663, 49.979441800, 649
19.677207856, 49.979450790, 650
19.677208048, 49.979459781, 651
19.677208241, 49.979468772, 652
19.677208434, 49.979477762, 653
19.677208626, 49.979486753, 654
19.677208819, 49.979495743, 655
19.677209017, 49.979504734, 656
19.677209245, 49.979513724, 657
19.677209474, 49.979522714, 658
19.677209702, 49.979531704, 659
19.677209930, 49.979540694, 660
19.677210159, 49.979549685, 661
19.677210387, 49.979558675, 662
19.677210615, 49.979567665, 663
19.677210736, 49.979576656, 664
19.677210826, 49.979585647, 665
19.677210915, 49.979594638, 666
19.677211005, 49.979603630, 667
19.677211094, 49.979612621, 668
19.677211183, 49.979621612, 669
19.677211273, 49.979630603, 670
19.677211303, 49.979639594, 671
19.677211166, 49.979648585, 672
19.677211028, 49.979657576, 673
19.677210891, 49.979666567, 674
19.677210903, 49.979675559, 675
19.677210925, 49.979684550, 676
19.677210946, 49.979693541, 677
19.677210968, 49.979702533, 678
19.677210989, 49.979711524, 679
19.677211010, 49.979720515, 680
19.677211032, 49.979729507, 681
19.677211053, 49.979738498, 682
19.677211075, 49.979747490, 683
19.677211253, 49.979756480, 684
19.677211519, 49.979765470, 685
19.677211785, 49.979774459, 686
19.677212051, 49.979783449, 687
19.677212318, 49.979792439, 688
19.677212584, 49.979801429, 689
19.677212850, 49.979810418, 690
19.677213117, 49.979819408, 691
19.677213383, 49.979828398, 692
19.677213679, 49.979837387, 693
19.677214015, 49.979846376, 694
19.677214351, 49.979855365, 695
19.677214688, 49.979864354, 696
19.677215024, 49.979873342, 697
19.677215360, 49.979882331, 698
19.677215697, 49.979891320, 699
19.677216033, 49.979900309, 700
19.677216369, 49.979909298, 701
19.677216563, 49.979918288, 702
19.677216653, 49.979927279, 703
19.677216744, 49.979936270, 704
19.677216835, 49.979945261, 705
19.677216926, 49.979954253, 706
19.677217017, 49.979963244, 707
19.677217108, 49.979972235, 708
19.677217199, 49.979981226, 709
19.677217290, 49.979990217, 710
19.677217402, 49.979999208, 711
19.677217533, 49.980008199, 712
19.677217664, 49.980017190, 713
19.677217796, 49.980026181, 714
19.677217927, 49.980035172, 715
19.677218058, 49.980044163, 716
19.677218189, 49.980053154, 717
19.677218320, 49.980062145, 718
19.677218451, 49.980071136, 719
19.677218604, 49.980080127, 720
19.677218801, 49.980089118, 721
19.677218998, 49.980098108, 722
19.677219194, 49.980107099, 723
19.677219391, 49.980116089, 724
19.677219588, 49.980125080, 725
19.677219785, 49.980134070, 726
19.677219982, 49.980143061, 727
19.677220179, 49.980152051, 728
19.677220375, 49.980161042, 729
19.677220582, 49.980170032, 730
19.677220790, 49.980179023, 731
19.677220998, 49.980188013, 732
19.677221206, 49.980197003, 733
19.677221414, 49.980205994, 734
19.677221621, 49.980214984, 735
19.677221829, 49.980223975, 736
19.677222037, 49.980232965, 737
19.677222184, 49.980241956, 738
19.677222221, 49.980250947, 739
19.677222258, 49.980259938, 740
19.677222295, 49.980268930, 741
19.677222332, 49.980277921, 742
19.677222370, 49.980286912, 743
19.677222407, 49.980295904, 744
19.677222444, 49.980304895, 745
19.677222481, 49.980313887, 746
19.677222528, 49.980322878, 747
19.677222700, 49.980331869, 748
19.677222873, 49.980340859, 749
19.677223045, 49.980349850, 750
19.677223217, 49.980358841, 751
19.677223389, 49.980367831, 752
19.677223562, 49.980376822, 753
19.677223734, 49.980385813, 754
19.677223906, 49.980394803, 755
19.677224078, 49.980403794, 756
19.677224140, 49.980412785, 757
19.677224078, 49.980421776, 758
19.677224015, 49.980430768, 759
19.677223953, 49.980439759, 760
19.677223890, 49.980448750, 761
19.677223827, 49.980457742, 762
19.677223765, 49.980466733, 763
19.677223702, 49.980475724, 764
19.677223708, 49.980484716, 765
19.677223728, 49.980493707, 766
19.677223748, 49.980502698, 767
19.677223768, 49.980511690, 768
19.677223788, 49.980520681, 769
19.677223808, 49.980529673, 770
19.677223828, 49.980538664, 771
19.677223848, 49.980547655, 772
19.677223868, 49.980556647, 773
19.677223881, 49.980565638, 774
19.677223887, 49.980574630, 775
19.677223892, 49.980583621, 776
19.677223898, 49.980592612, 777
19.677223904, 49.980601604, 778
19.677223909, 49.980610595, 779
19.677223915, 49.980619586, 780
19.677223921, 49.980628578, 781
19.677223926, 49.980637569, 782
19.677223637, 49.980646547, 783
19.677221605, 49.980655442, 784
19.677219573, 49.980664338, 785
19.677217542, 49.980673233, 786
19.677215510, 49.980682129, 787
19.677212256, 49.980690844, 788
19.677208110, 49.980699429, 789
19.677203963, 49.980708014, 790
19.677199817, 49.980716598, 791
19.677195670, 49.980725183, 792
19.677190022, 49.980733371, 793
19.677183644, 49.980741367, 794
19.677177266, 49.980749362, 795
19.677170888, 49.980757358, 796
19.677164509, 49.980765353, 797
19.677156311, 49.980772605, 798
19.677147819, 49.980779736, 799
19.677139326, 49.980786867, 800
19.677130833, 49.980793998, 801
19.677122340, 49.980801129, 802
19.677112103, 49.980807177, 803
19.677101364, 49.980812912, 804
19.677090626, 49.980818647, 805
19.677079887, 49.980824383, 806
19.677069148, 49.980830118, 807
19.677056514, 49.980833793, 808
19.677043560, 49.980837119, 809
19.677030606, 49.980840446, 810
19.677017651, 49.980843772, 811
19.677004697, 49.980847099, 812
19.676991002, 49.980848519, 813
19.676977146, 49.980849528, 814
19.676963290, 49.980850537, 815
19.676949435, 49.980851546, 816
19.676935579, 49.980852554, 817
19.676921768, 49.980852395, 818
19.676908005, 49.980850949, 819
19.676894243, 49.980849504, 820
19.676880480, 49.980848059, 821
19.676866795, 49.980846426, 822
19.676853719, 49.980843303, 823
19.676840644, 49.980840179, 824
19.676827569, 49.980837056, 825
19.676814493, 49.980833933, 826
19.676801813, 49.980830263, 827
19.676789704, 49.980825806, 828
19.676777594, 49.980821348, 829
19.676765485, 49.980816890, 830
19.676753376, 49.980812432, 831
19.676742306, 49.980807049, 832
19.676731960, 49.980801021, 833
19.676721614, 49.980794993, 834
19.676711268, 49.980788965, 835
19.676701170, 49.980782794, 836
19.676693080, 49.980775471, 837
19.676684989, 49.980768148, 838
19.676676899, 49.980760825, 839
19.676668809, 49.980753502, 840
19.676660718, 49.980746179, 841
19.676654930, 49.980738051, 842
19.676649830, 49.980729682, 843
19.676644730, 49.980721314, 844
19.676639631, 49.980712945, 845
19.676634531, 49.980704577, 846
19.676631109, 49.980695919, 847
19.676629052, 49.980687026, 848
19.676626995, 49.980678133, 849
19.676624938, 49.980669240, 850
19.676622881, 49.980660347, 851
19.676622365, 49.980651363, 852
19.676621884, 49.980642377, 853
19.676621403, 49.980633391, 854
19.676620922, 49.980624405, 855
19.676620574, 49.980615417, 856
19.676620370, 49.980606427, 857
19.676620166, 49.980597436, 858
19.676619962, 49.980588446, 859
19.676619759, 49.980579455, 860
19.676619555, 49.980570465, 861
19.676619351, 49.980561475, 862
19.676619147, 49.980552484, 863
19.676618943, 49.980543494, 864
19.676618934, 49.980534502, 865
19.676618965, 49.980525511, 866
19.676618996, 49.980516520, 867
19.676619028, 49.980507528, 868
19.676619059, 49.980498537, 869
19.676619090, 49.980489546, 870
19.676619121, 49.980480554, 871
19.676619153, 49.980471563, 872
19.676619184, 49.980462571, 873
19.676619215, 49.980453580, 874
19.676619202, 49.980444589, 875
19.676619159, 49.980435597, 876
19.676619117, 49.980426606, 877
19.676619075, 49.980417615, 878
19.676619033, 49.980408623, 879
19.676618991, 49.980399632, 880
19.676618949, 49.980390641, 881
19.676618907, 49.980381649, 882
19.676618865, 49.980372658, 883
19.676618745, 49.980363667, 884
19.676618620, 49.980354676, 885
19.676618496, 49.980345685, 886
19.676618371, 49.980336694, 887
19.676618247, 49.980327703, 888
19.676618122, 49.980318712, 889
19.676617998, 49.980309721, 890
19.676617873, 49.980300730, 891
19.676617748, 49.980291739, 892
19.676617624, 49.980282748, 893
19.676617499, 49.980273757, 894
19.676617373, 49.980264766, 895
19.676617248, 49.980255774, 896
19.676617123, 49.980246783, 897
19.676616998, 49.980237792, 898
19.676616873, 49.980228801, 899
19.676616748, 49.980219810, 900
19.676616623, 49.980210819, 901
19.676616580, 49.980201828, 902
19.676616585, 49.980192837, 903
19.676616591, 49.980183845, 904
19.676616597, 49.980174854, 905
19.676616603, 49.980165863, 906
19.676616608, 49.980156871, 907
19.676616614, 49.980147880, 908
19.676616620, 49.980138888, 909
19.676616626, 49.980129897, 910
19.676616632, 49.980120906, 911
19.676616705, 49.980111914, 912
19.676616788, 49.980102923, 913
19.676616871, 49.980093932, 914
19.676616954, 49.980084941, 915
19.676617037, 49.980075949, 916
19.676617119, 49.980066958, 917
19.676617202, 49.980057967, 918
19.676617285, 49.980048976, 919
19.676617368, 49.980039984, 920
19.676617328, 49.980030993, 921
19.676617214, 49.980022002, 922
19.676617100, 49.980013011, 923
19.676616987, 49.980004020, 924
19.676616873, 49.979995029, 925
19.676616759, 49.979986038, 926
19.676616646, 49.979977047, 927
19.676616532, 49.979968056, 928
19.676616418, 49.979959065, 929
19.676616304, 49.979950073, 930
19.676616124, 49.979941083, 931
19.676615945, 49.979932092, 932
19.676615766, 49.979923101, 933
19.676615586, 49.979914111, 934
19.676615407, 49.979905120, 935
19.676615228, 49.979896130, 936
19.676615048, 49.979887139, 937
19.676614866, 49.979878148, 938
19.676614660, 49.979869158, 939
19.676614455, 49.979860167, 940
19.676614250, 49.979851177, 941
19.676614044, 49.979842187, 942
19.676613839, 49.979833196, 943
19.676613634, 49.979824206, 944
19.676613428, 49.979815215, 945
19.676613223, 49.979806225, 946
19.676612986, 49.979797235, 947
19.676612628, 49.979788246, 948
19.676612270, 49.979779258, 949
19.676611913, 49.979770270, 950
19.676611555, 49.979761281, 951
19.676611198, 49.979752293, 952
19.676610840, 49.979743304, 953
19.676610482, 49.979734316, 954
19.676610125, 49.979725327, 955
19.676609746, 49.979716339, 956
19.676609340, 49.979707352, 957
19.676608935, 49.979698364, 958
19.676608530, 49.979689377, 959
19.676608125, 49.979680389, 960
19.676607719, 49.979671401, 961
19.676607314, 49.979662414, 962
19.676606909, 49.979653426, 963
19.676606504, 49.979644439, 964
19.676606322, 49.979635449, 965
19.676606239, 49.979626457, 966
19.676606157, 49.979617466, 967
19.676606074, 49.979608475, 968
19.676605992, 49.979599484, 969
19.676605909, 49.979590492, 970
19.676605827, 49.979581501, 971
19.676605744, 49.979572510, 972
19.676605374, 49.979563523, 973
19.676604834, 49.979554538, 974
19.676604294, 49.979545553, 975
19.676603754, 49.979536569, 976
19.676603214, 49.979527584, 977
19.676602674, 49.979518600, 978
19.676602134, 49.979509615, 979
19.676601594, 49.979500630, 980
19.676590582, 49.979497058, 981
19.676577336, 49.979494249, 982
19.676563963, 49.979492140, 983
19.676550051, 49.979491979, 984
19.676536243, 49.979490795, 985
19.676523444, 49.979488103, 986
19.676510354, 49.979485244, 987
19.676497912, 49.979481207, 988
19.676484695, 49.979478347, 989
19.676471701, 49.979475086, 990
19.676458708, 49.979471824, 991
19.676445714, 49.979468562, 992
19.676432721, 49.979465301, 993
19.676419727, 49.979462039, 994
19.676406831, 49.979458646, 995
19.676394753, 49.979454153, 996
19.676382675, 49.979449661, 997
19.676370597, 49.979445169, 998
19.676358519, 49.979440676, 999
19.676346441, 49.979436184, 1000
19.676334363, 49.979431691, 1001
19.676322284, 49.979427199, 1002
19.676310280, 49.979422626, 1003
19.676298345, 49.979417977, 1004
19.676286410, 49.979413328, 1005
19.676274475, 49.979408679, 1006
19.676262540, 49.979404030, 1007
19.676250605, 49.979399381, 1008
19.676238671, 49.979394732, 1009
19.676226736, 49.979390083, 1010
19.676214801, 49.979385434, 1011
19.676202866, 49.979380785, 1012
19.676190931, 49.979376136, 1013
19.676178644, 49.979371901, 1014
19.676166874, 49.979368143, 1015
