1,03, 06 ,A,Temperature,4,28F860C40600003A,030600,49.979543,19.676753,212.97,A3B100F015D350C00258
2,03, 06 ,A,Temperature,4,281467C5060000B0,030601,49.979544,19.676627,211.75,A2B100F015D350C00163
3,03, 06 ,A,Temperature,4,280C96A1060000BF,030602,49.979543,19.676753,213.97,A3B100F015D350C00258
4,03, 06 ,A,Temperature,4,28DC9EC5060000DB,030603,49.979544,19.676585,211.74,A1B000F015D550C00071
5,03, 06 ,A,Temperature,4,28CAF5C30600005A,030604,49.979544,19.676711,212.81,A4B100F015D500C00352
6,03, 06 ,A,Temperature,4,28963EC4060000DD,030605,49.979544,19.676711,213.81,A4B100F015D500C00352
7,03, 06 ,A,Temperature,4,28B62DC5060000D6,030606,49.979544,19.676627,212.75,A2B100F015D350C00163
8,03, 06 ,A,Temperature,4,28E14CC40600002E,030607,49.979544,19.676669,212.78,A3B100F015D500C00064
9,03, 06 ,A,Temperature,4,28D1ABC406000048,030608,49.979544,19.676669,213.78,A3B100F015D500C00064
10,03, 06 ,A,Temperature,4,280B72C4060000EE,030609,49.979543,19.676753,211.97,A3B100F015D350C00258
11,03, 06 ,A,Temperature,4,28AF9FC5060000D7,030610,49.979544,19.676669,211.78,A3B100F015D500C00064
12,03, 06 ,A,Temperature,4,28EF92C50600004E,030611,49.979544,19.676711,211.81,A4B100F015D500C00352
13,03, 06 ,A,Temperature,4,281F07C4060000D6,030612,49.979544,19.676711,214.81,A4B100F015D500C00352
14,03, 09 ,A,Temperature,4,288055C3060000D3,030900,49.979678,19.67667,213.71,A3B100F015D500C00440
15,03, 09 ,A,Temperature,4,287077C5060000D3,030901,49.979678,19.676754,213.99,A3B100F015D350C00119
16,03, 09 ,A,Temperature,4,28244EC30600005F,030902,49.979677,19.676796,211.98,A1B000F015D550C00329
17,03, 09 ,A,Temperature,4,2894B444070000B7,030903,49.979678,19.676713,214.79,A4B100F015D500C00368
18,03, 09 ,A,Temperature,4,281285C306000052,030904,49.979678,19.676587,211.81,A1B000F015D550C00153
19,03, 09 ,A,Temperature,4,28F2E8C306000086,030905,49.979678,19.676629,212.83,A2B100F015D350C00158
20,03, 09 ,A,Temperature,4,283A5EC506000062,030906,49.979678,19.67667,212.71,A3B100F015D500C00440
21,03, 09 ,A,Temperature,4,28D65DC506000078,030907,49.979678,19.676754,212.99,A3B100F015D350C00119
22,03, 09 ,A,Temperature,4,287683C3060000D1,030908,49.979678,19.676629,211.83,A2B100F015D350C00158
23,03, 09 ,A,Temperature,4,28F63EC306000098,030909,49.979678,19.676713,212.79,A4B100F015D500C00368
24,03, 09 ,A,Temperature,4,280E52C4060000FD,030910,49.979678,19.676754,211.99,A3B100F015D350C00119
25,03, 09 ,A,Temperature,4,28E946C406000032,030911,49.979678,19.67667,211.71,A3B100F015D500C00440
26,03, 09 ,A,Temperature,4,2823A84407000068,030912,49.979678,19.676713,211.79,A4B100F015D500C00368
27,03, 09 ,A,Temperature,4,281BB84407000058,030913,49.979678,19.676713,213.79,A4B100F015D500C00368
28,03, 15 ,A,Temperature,4,286060C5060000A5,031500,49.979947,19.676721,213.8,A4B100F015D500C00416
29,03, 15 ,A,Temperature,4,2828B2C3060000A5,031501,49.979948,19.676595,211.82,A1B000F015D550C00332
31,03, 15 ,A,Temperature,4,28F4E6C306000096,031503,49.979947,19.676721,212.8,A4B100F015D500C00416
32,03, 15 ,A,Temperature,4,284C94C3060000DE,031504,49.979948,19.676679,212.73,A3B100F015D500C00061
33,03, 15 ,A,Temperature,4,28EC57C406000068,031505,49.979947,19.676721,211.8,A4B100F015D500C00416
34,03, 15 ,A,Temperature,4,28528DC306000019,031506,49.979948,19.676679,213.73,A3B100F015D500C00061
35,03, 15 ,A,Temperature,4,28FED0C4060000C7,031507,49.979947,19.676762,213.85,A3B100F015D350C00340
37,03, 15 ,A,Temperature,4,2819DCC40600004A,031509,49.979948,19.676679,211.73,A3B100F015D500C00061
38,03, 15 ,A,Temperature,4,28B51CD3060000F7,031510,49.979948,19.676637,212.85,A2B100F015D350C00098
39,03, 15 ,A,Temperature,4,280DD6C406000070,031511,49.979947,19.676804,211.84,A1B000F015D550C00327
40,03, 15 ,A,Temperature,4,28CD7CC5060000EE,031512,49.979947,19.676762,212.85,A3B100F015D350C00340
41,03, 15 ,A,Temperature,4,286D77C40600004D,031513,49.979947,19.676721,214.8,A4B100F015D500C00416
42,03, 15 ,A,Temperature,4,2813FAC4060000E1,031514,49.979947,19.676762,211.85,A3B100F015D350C00340
43,03, 16 ,A,Temperature,4,289098C50600004F,031600,49.979992,19.676763,212.87,A3B100F015D350C00342
44,03, 16 ,A,Temperature,4,288822C506000047,031601,49.979993,19.67668,211.77,A3B100F015D500C00141
45,03, 16 ,A,Temperature,4,28A8BEC4060000E8,031602,49.979993,19.676638,211.84,A2B100F015D350C00100
46,03, 16 ,A,Temperature,4,28A847C30600003B,031603,49.979993,19.67668,212.77,A3B100F015D500C00141
47,03, 16 ,A,Temperature,4,28C254C406000083,031604,49.979992,19.676763,213.87,A3B100F015D350C00342
48,03, 16 ,A,Temperature,4,282233C506000065,031605,49.979992,19.676721,212.75,A4B100F015D500C00347
49,03, 16 ,A,Temperature,4,281262C40600005F,031606,49.979992,19.676805,211.85,A1B000F015D550C00333
50,03, 16 ,A,Temperature,4,280E14C506000007,031607,49.979993,19.676638,212.84,A2B100F015D350C00100
51,03, 16 ,A,Temperature,4,285EE5A1060000DC,031608,49.979993,19.67668,213.77,A3B100F015D500C00141
52,03, 16 ,A,Temperature,4,28A1EFC406000026,031609,49.979992,19.676721,211.75,A4B100F015D500C00347
53,03, 16 ,A,Temperature,4,28D9E0C3060000F6,031610,49.979992,19.676721,213.75,A4B100F015D500C00347
54,03, 16 ,A,Temperature,4,28DD54C30600007A,031611,49.979992,19.676721,214.75,A4B100F015D500C00347
55,03, 16 ,A,Temperature,4,28B335C4060000F0,031612,49.979993,19.676596,211.84,A1B000F015D550C00325
56,03, 16 ,A,Temperature,4,28C729C4060000E9,031613,49.979992,19.676763,211.87,A3B100F015D350C00342
57,03, 18 ,A,Temperature,4,28DA5EC50600004B,031800,49.980082,19.676681,213.78,A3B100F015D500C00143
58,03, 18 ,A,Temperature,4,288E54C40600008B,031801,49.980082,19.676597,211.87,A1B000F015D550C00479
59,03, 18 ,A,Temperature,4,288EB5C30600001A,031802,49.980082,19.676681,211.78,A3B100F015D500C00143
60,03, 18 ,A,Temperature,4,28A3F7C40600000A,031803,49.980082,19.676639,211.88,A2B100F015D350C00104
61,03, 18 ,A,Temperature,4,288FD8C3060000D0,031804,49.980082,19.676639,212.88,A2B100F015D350C00104
62,03, 18 ,A,Temperature,4,288F8CC4060000DC,031805,49.980082,19.676681,212.78,A3B100F015D500C00143
63,03, 26 ,A,Temperature,4,28121CD30600002E,032600,49.980446,19.676644,212.83,A2B100F015D350C00173
64,03, 26 ,A,Temperature,4,28C629C4060000DE,032601,49.980446,19.676602,211.61,A1B000F015D550C00030
65,03, 26 ,A,Temperature,4,28CDD0C406000073,032602,49.980446,19.676644,211.83,A2B100F015D350C00173
66,03, 34 ,B,Temperature,4,28A815C4060000AB,033400,49.980569,19.677067,211.82,A3B100F015D350C00459
67,03, 34 ,B,Temperature,4,289850C40600007D,033401,49.980568,19.67717,211.72,A3B100F015D500C00399
68,03, 34 ,B,Temperature,4,28D81CD30600007E,033402,49.980568,19.677116,211.66,A4B100F015D500C00314
70,03, 34 ,B,Temperature,4,28CC99C40600005E,033404,49.980568,19.677116,213.66,A4B100F015D500C00314
71,03, 34 ,B,Temperature,4,288A19C406000052,033405,49.980569,19.677015,211.86,A1B000F015D550C00079
72,03, 34 ,B,Temperature,4,282EC8C406000041,033406,49.980568,19.67717,212.72,A3B100F015D500C00399
73,03, 34 ,B,Temperature,4,286E1D44070000CA,033407,49.980567,19.677244,211.98,A1B000F000D450C00483
75,03, 34 ,B,Temperature,4,281542C5060000AD,033409,49.980567,19.677206,211.82,A2B100F015D350C00017
76,03, 34 ,B,Temperature,4,28ADDFC4060000DF,033410,49.980568,19.677116,214.66,A4B100F015D500C00314
77,03, 34 ,B,Temperature,4,280378C50600007D,033411,49.980568,19.67717,213.72,A3B100F015D500C00399
78,03, 34 ,B,Temperature,4,283348C40600009B,033412,49.980567,19.677206,212.82,A2B100F015D350C00017
79,03, 34 ,B,Temperature,4,28DBBBC4060000FB,033413,49.980569,19.677067,213.82,A3B100F015D350C00459
80,03, 34 ,B,Temperature,4,28E774C5060000A9,033414,49.980569,19.677067,212.82,A3B100F015D350C00459
81,03, 35 ,B,Temperature,4,2830C7C406000066,033500,49.980521,19.677206,212.9,A2B100F015D350C00469
82,03, 35 ,B,Temperature,4,28886FC30600004B,033501,49.980521,19.677244,211.97,A1B000F015D550C00080
83,03, 35 ,B,Temperature,4,280C1FC506000019,033502,49.980522,19.677117,212.78,A4B100F015D500C00310
84,03, 35 ,B,Temperature,4,2872E0C306000052,033503,49.980523,19.677067,211.87,A3B100F015D350C00335
85,03, 35 ,B,Temperature,4,28C65244070000B1,033504,49.980521,19.677169,211.7,A3B100F015D500C00403
86,03, 35 ,B,Temperature,4,28568BC506000050,033505,49.980523,19.677067,212.87,A3B100F015D350C00335
87,03, 35 ,B,Temperature,4,28E155C4060000A1,033506,49.980521,19.677169,212.7,A3B100F015D500C00403
88,03, 35 ,B,Temperature,4,28F17AC40600006D,033507,49.980522,19.677117,211.78,A4B100F015D500C00310
89,03, 35 ,B,Temperature,4,28C92BC5060000F6,033508,49.980523,19.677067,213.87,A3B100F015D350C00335
90,03, 35 ,B,Temperature,4,285DFFC3060000D3,033509,49.980521,19.677206,211.9,A2B100F015D350C00469
91,03, 35 ,B,Temperature,4,280333C5060000E4,033510,49.980522,19.677117,213.78,A4B100F015D500C00310
92,03, 35 ,B,Temperature,4,28C3D9C406000093,033511,49.980523,19.677015,211.83,A1B000F015D550C00083
93,03, 35 ,B,Temperature,4,2863E0430700004C,033512,49.980521,19.677169,213.7,A3B100F015D500C00403
94,03, 35 ,B,Temperature,4,28976BC30600002B,033513,49.980522,19.677117,214.78,A4B100F015D500C00310
95,03, 36 ,B,Temperature,4,2898E8C40600000C,033600,49.980501,19.677118,212.83,A4B100F015D500C00267
96,03, 36 ,B,Temperature,4,28F4D7C406000059,033601,49.980501,19.677118,214.83,A4B100F015D500C00267
97,03, 36 ,B,Temperature,4,28C2E7C306000004,033602,49.980501,19.677118,213.83,A4B100F015D500C00267
98,03, 36 ,B,Temperature,4,280A63C5060000E7,033603,49.980501,19.677169,211.7,A3B100F015D500C00401
99,03, 36 ,B,Temperature,4,2806DBC406000064,033604,49.980502,19.677069,211.97,A3B100F015D350C00377
100,03, 36 ,B,Temperature,4,288635C4060000F6,033605,49.980502,19.677069,212.97,A3B100F015D350C00377
101,03, 36 ,B,Temperature,4,282656C4060000F5,033606,49.980502,19.677017,211.9,A1B000F015D550C00050
102,03, 36 ,B,Temperature,4,28DE81C3060000AF,033607,49.9805,19.677207,211.82,A2B100F015D350C00467
103,03, 36 ,B,Temperature,4,287E68C5060000D3,033608,49.980501,19.677169,213.7,A3B100F015D500C00401
104,03, 36 ,B,Temperature,4,28E1DDC406000054,033609,49.9805,19.677207,212.82,A2B100F015D350C00467
105,03, 36 ,B,Temperature,4,28D9EDC40600009C,033610,49.980501,19.677118,211.83,A4B100F015D500C00267
106,03, 36 ,B,Temperature,4,28B950C506000073,033611,49.980502,19.677069,213.97,A3B100F015D350C00377
107,03, 36 ,B,Temperature,4,28D721C506000003,033612,49.980501,19.677169,212.7,A3B100F015D500C00401
108,03, 36 ,B,Temperature,4,284FA5C5060000C7,033613,49.9805,19.677245,211.91,A1B000F015D550C00084
109,03, 37 ,B,Temperature,4,28E462C506000010,033700,49.980478,19.677069,214.01,A3B100F015D350C00452
110,03, 37 ,B,Temperature,4,28541FD3060000A7,033701,49.980477,19.677169,212.69,A3B100F015D500C00319
111,03, 37 ,B,Temperature,4,286C9EC5060000DC,033702,49.980478,19.677069,213.01,A3B100F015D350C00452
112,03, 37 ,B,Temperature,4,285C10C4060000D7,033703,49.980477,19.677169,211.69,A3B100F015D500C00319
113,03, 37 ,B,Temperature,4,2842CFC4060000AE,033704,49.980478,19.677116,214.81,A4B100F015D500C00280
114,03, 37 ,B,Temperature,4,289AC4C4060000BB,033705,49.980478,19.677017,211.92,A1B000F015D550C00046
115,03, 37 ,B,Temperature,4,283A28C40600001C,033706,49.980477,19.677246,211.9,A1B000F015D550C00109
116,03, 37 ,B,Temperature,4,281674C406000063,033707,49.980477,19.677208,211.77,A2B100F015D350C00016
117,03, 37 ,B,Temperature,4,280E7FC4060000E9,033708,49.980478,19.677116,213.81,A4B100F015D500C00280
118,03, 37 ,B,Temperature,4,287151C40600000F,033709,49.980478,19.677116,212.81,A4B100F015D500C00280
119,03, 37 ,B,Temperature,4,287978C50600002A,033710,49.980477,19.677208,212.77,A2B100F015D350C00016
120,03, 37 ,B,Temperature,4,28D50AC5060000E5,033711,49.980478,19.677116,211.81,A4B100F015D500C00280
121,03, 37 ,B,Temperature,4,28ED22C4060000E0,033712,49.980477,19.677169,213.69,A3B100F015D500C00319
122,03, 37 ,B,Temperature,4,286785C4060000A7,033713,49.980478,19.677069,212.01,A3B100F015D350C00452
123,03, 39 ,B,Temperature,4,28302EC40600004F,033900,49.980434,19.67711,212.75,A4B100F015D500C00345
124,03, 39 ,B,Temperature,4,282834C5060000FB,033901,49.980435,19.677067,213.9,A3B100F015D350C00013
125,03, 39 ,B,Temperature,4,2844CEA206000048,033902,49.980434,19.677166,212.67,A3B100F015D500C00385
126,03, 39 ,B,Temperature,4,2894B4C306000043,033903,49.980434,19.67711,214.75,A4B100F015D500C00345
127,03, 39 ,B,Temperature,4,288CF0C30600004F,033904,49.980434,19.67711,213.75,A4B100F015D500C00345
128,03, 39 ,B,Temperature,4,28C233C4060000C3,033905,49.980435,19.677067,211.9,A3B100F015D350C00013
129,03, 39 ,B,Temperature,4,284A6AC4060000EE,033906,49.980434,19.677166,213.67,A3B100F015D500C00385
130,03, 39 ,B,Temperature,4,28A614C406000075,033907,49.980434,19.677243,211.8,A1B000F015D550C00066
131,03, 39 ,B,Temperature,4,2805D4C406000052,033908,49.980434,19.677166,211.67,A3B100F015D500C00385
132,03, 39 ,B,Temperature,4,28C355C406000079,033909,49.980434,19.67711,211.75,A4B100F015D500C00345
133,03, 39 ,B,Temperature,4,283351C406000014,033910,49.980434,19.677205,212.73,A2B100F015D350C00198
134,03, 39 ,B,Temperature,4,281BBDC30600007E,033911,49.980434,19.677205,211.73,A2B100F015D350C00198
135,03, 39 ,B,Temperature,4,283BAEC40600007C,033912,49.980435,19.677067,212.9,A3B100F015D350C00013
136,03, 39 ,B,Temperature,4,28BB6AC506000024,033913,49.980436,19.677015,211.83,A1B000F015D550C00106
137,03, 40 ,B,Temperature,4,283408C4060000F7,034000,49.980409,19.677164,212.73,A3B100F015D500C00386
138,03, 40 ,B,Temperature,4,28426EC406000050,034001,49.980409,19.677164,211.73,A3B100F015D500C00386
139,03, 40 ,B,Temperature,4,28221DD30600000E,034002,49.980409,19.677164,213.73,A3B100F015D500C00386
140,03, 40 ,B,Temperature,4,28F6C3C406000054,034003,49.980409,19.677112,214.73,A4B100F015D500C00311
141,03, 40 ,B,Temperature,4,28E9DCC3060000BE,034004,49.980409,19.677112,211.73,A4B100F015D500C00311
142,03, 40 ,B,Temperature,4,28458BC506000052,034005,49.980409,19.677112,212.73,A4B100F015D500C00311
143,03, 40 ,B,Temperature,4,2825BBC40600009A,034006,49.980409,19.677204,211.7,A2B100F015D350C00171
144,03, 40 ,B,Temperature,4,28FD56C30600004F,034007,49.980409,19.677204,212.7,A2B100F015D350C00171
145,03, 40 ,B,Temperature,4,283B21C4060000D8,034008,49.980409,19.677112,213.73,A4B100F015D500C00311
146,03, 40 ,B,Temperature,4,286FB2C306000055,034009,49.980411,19.677013,211.83,A1B000F015D550C00054
147,03, 41 ,B,Temperature,4,288C0BC40600001F,034100,49.980388,19.677114,211.83,A4B100F015D500C00272
148,03, 41 ,B,Temperature,4,28ECD3C4060000BC,034101,49.980387,19.677244,211.92,A1B000F015D550C00187
149,03, 41 ,B,Temperature,4,28BCDAC3060000E7,034102,49.980389,19.677068,213.91,A3B100F015D350C00123
150,03, 41 ,B,Temperature,4,283A85C306000045,034103,49.980388,19.677167,212.68,A3B100F015D500C00436
151,03, 41 ,B,Temperature,4,288658C30600008D,034104,49.980389,19.677068,211.91,A3B100F015D350C00123
152,03, 41 ,B,Temperature,4,28C6A0C506000069,034105,49.980388,19.677167,213.68,A3B100F015D500C00436
153,03, 41 ,B,Temperature,4,284E53C5060000CA,034106,49.980388,19.677114,212.83,A4B100F015D500C00272
154,03, 41 ,B,Temperature,4,287EEDDB060000E7,034107,49.980387,19.677206,211.78,A2B100F015D350C00248
155,03, 41 ,B,Temperature,4,289160C5060000E0,034108,49.980388,19.677114,213.83,A4B100F015D500C00272
156,03, 41 ,B,Temperature,4,28298EC50600003E,034109,49.980389,19.677068,212.91,A3B100F015D350C00123
157,03, 41 ,B,Temperature,4,2819ACC406000027,034110,49.980388,19.677167,211.68,A3B100F015D500C00436
158,03, 41 ,B,Temperature,4,28F9E7C306000011,034111,49.980389,19.677015,211.89,A1B000F015D550C00225
159,03, 41 ,B,Temperature,4,288D55C506000090,034112,49.980387,19.677206,212.78,A2B100F015D350C00248
160,03, 41 ,B,Temperature,4,288391C5060000BE,034113,49.980388,19.677114,214.83,A4B100F015D500C00272
161,03, 43 ,B,Temperature,4,288820C5060000C4,034300,49.980342,19.677242,211.99,A1B000F015D550C00207
162,03, 43 ,B,Temperature,4,28C44CC406000073,034301,49.980343,19.677165,213.71,A3B100F015D500C00404
163,03, 43 ,B,Temperature,4,28F492C3060000E4,034302,49.980343,19.677112,214.74,A4B100F015D500C00276
164,03, 43 ,B,Temperature,4,2896AAC3060000F3,034303,49.980343,19.677112,213.74,A4B100F015D500C00276
165,03, 43 ,B,Temperature,4,28D654C50600008B,034304,49.980343,19.677165,211.71,A3B100F015D500C00404
166,03, 43 ,B,Temperature,4,283E66C506000004,034305,49.980343,19.677165,212.71,A3B100F015D500C00404
167,03, 43 ,B,Temperature,4,289D2AC406000046,034306,49.980343,19.677112,212.74,A4B100F015D500C00276
168,03, 43 ,B,Temperature,4,289D86C406000054,034307,49.980343,19.677065,211.87,A3B100F015D350C00343
169,03, 43 ,B,Temperature,4,284392C50600006F,034308,49.980343,19.677203,212.92,A2B100F015D350C00253
170,03, 43 ,B,Temperature,4,289344C4060000E6,034309,49.980344,19.677013,211.83,A1B000F015D550C00222
171,03, 43 ,B,Temperature,4,280BE5C30600008E,034310,49.980343,19.677112,211.74,A4B100F015D500C00276
172,03, 43 ,B,Temperature,4,281718C5060000EB,034311,49.980343,19.677065,213.87,A3B100F015D350C00343
173,03, 43 ,B,Temperature,4,28773DC40600008D,034312,49.980343,19.677203,211.92,A2B100F015D350C00253
174,03, 43 ,B,Temperature,4,286FD0A2060000D8,034313,49.980343,19.677065,212.87,A3B100F015D350C00343
175,03, 44 ,B,Temperature,4,28448EC5060000B7,034400,49.980321,19.677113,214.62,A4B100F015D500C00039
176,03, 44 ,B,Temperature,4,288A13C4060000EF,034401,49.980321,19.677065,211.91,A3B100F015D350C00446
177,03, 44 ,B,Temperature,4,284A9DC506000096,034402,49.980321,19.677204,212.84,A2B100F015D350C00464
178,03, 44 ,B,Temperature,4,28C6D7C4060000DA,034403,49.980321,19.677113,212.62,A4B100F015D500C00039
179,03, 44 ,B,Temperature,4,282E58C4060000F6,034404,49.980321,19.677165,212.71,A3B100F015D500C00408
180,03, 44 ,B,Temperature,4,282E82C406000015,034405,49.980321,19.677113,211.62,A4B100F015D500C00039
181,03, 44 ,B,Temperature,4,281E6CC406000080,034406,49.980321,19.677204,211.84,A2B100F015D350C00464
182,03, 44 ,B,Temperature,4,289E91C5060000AF,034407,49.980321,19.677113,213.62,A4B100F015D500C00039
183,03, 44 ,B,Temperature,4,28137DC40600007B,034408,49.980321,19.677165,211.71,A3B100F015D500C00408
184,03, 44 ,B,Temperature,4,282B15C406000018,034409,49.980321,19.677165,213.71,A3B100F015D500C00408
185,03, 44 ,B,Temperature,4,2807FDC406000037,034410,49.980321,19.677065,213.91,A3B100F015D350C00446
186,03, 44 ,B,Temperature,4,28EF6BC406000094,034411,49.98032,19.677242,211.97,A1B000F015D550C00206
187,03, 44 ,B,Temperature,4,28DFA2C506000027,034412,49.980321,19.677013,211.86,A1B000F015D550C00220
188,03, 44 ,B,Temperature,4,287FD7C3060000CD,034413,49.980321,19.677065,212.91,A3B100F015D350C00446
189,03, 46 ,B,Temperature,4,28104BC3060000BC,034600,49.980253,19.677165,211.66,A3B100F015D500C00185
190,03, 46 ,B,Temperature,4,28649CC406000071,034601,49.980253,19.677062,213.89,A3B100F015D350C00337
191,03, 46 ,B,Temperature,4,28F456C3060000D9,034602,49.980253,19.677062,212.89,A3B100F015D350C00337
192,03, 46 ,B,Temperature,4,280C04C40600009A,034603,49.980253,19.677112,211.75,A4B100F015D500C00035
193,03, 46 ,B,Temperature,4,281195C4060000F1,034604,49.980253,19.677165,212.66,A3B100F015D500C00185
194,03, 46 ,B,Temperature,4,28F198C5060000BB,034605,49.980254,19.67701,211.91,A1B000F015D550C00221
195,03, 46 ,B,Temperature,4,284552C406000070,034606,49.980253,19.677165,213.66,A3B100F015D500C00185
196,03, 46 ,B,Temperature,4,288DE4C30600001B,034607,49.980253,19.677112,214.75,A4B100F015D500C00035
197,03, 46 ,B,Temperature,4,285BBEC306000045,034608,49.980253,19.677062,211.89,A3B100F015D350C00337
198,03, 46 ,B,Temperature,4,282F25C406000040,034609,49.980253,19.677112,212.75,A4B100F015D500C00035
199,03, 46 ,B,Temperature,4,28BFB9C406000067,034610,49.980253,19.677112,213.75,A4B100F015D500C00035
200,03, 51 ,B,Temperature,4,28F0D6C3060000CE,035100,49.980051,19.677197,212.91,A2B100F015D350C00204
201,03, 51 ,B,Temperature,4,281885C506000094,035101,49.980052,19.677108,214.7,A4B100F015D500C00277
202,03, 51 ,B,Temperature,4,288A4DC506000057,035102,49.980052,19.677161,213.7,A3B100F015D500C00471
203,03, 51 ,B,Temperature,4,28E640C506000005,035103,49.980052,19.677108,211.7,A4B100F015D500C00277
204,03, 51 ,B,Temperature,4,2816C9C4060000C0,035104,49.980052,19.677059,211.8,A3B100F015D350C00443
205,03, 51 ,B,Temperature,4,28FE70C4060000F4,035105,49.980052,19.677006,211.8,A1B000F015D550C00212
206,03, 51 ,B,Temperature,4,28816BC406000044,035106,49.980052,19.677161,212.7,A3B100F015D500C00471
207,03, 51 ,B,Temperature,4,287D38C306000016,035107,49.980052,19.677059,213.8,A3B100F015D350C00443
208,03, 51 ,B,Temperature,4,28A3C7C40600008E,035108,49.980052,19.677108,213.7,A4B100F015D500C00277
209,03, 51 ,B,Temperature,4,28733BC506000042,035109,49.980052,19.677059,212.8,A3B100F015D350C00443
210,03, 51 ,B,Temperature,4,284B19C4060000FA,035110,49.980051,19.677235,212.02,A1B000F015D550C00049
211,03, 51 ,B,Temperature,4,289B08C40600008F,035111,49.980052,19.677108,212.7,A4B100F015D500C00277
212,03, 51 ,B,Temperature,4,28A7D1C4060000B2,035112,49.980052,19.677161,211.7,A3B100F015D500C00471
213,03, 51 ,B,Temperature,4,287F1BA2060000D1,035113,49.980051,19.677197,211.91,A2B100F015D350C00204
214,03, 53 ,B,Temperature,4,28B85AC3060000F0,035300,49.980006,19.677159,212.74,A3B100F015D500C00395
215,03, 53 ,B,Temperature,4,28E402C40600008E,035301,49.980006,19.677106,213.74,A4B100F015D500C00040
216,03, 53 ,B,Temperature,4,280251C4060000CE,035302,49.980007,19.677005,211.85,A1B000F015D550C00223
217,03, 53 ,B,Temperature,4,28C2BEC4060000E4,035303,49.980006,19.677159,211.74,A3B100F015D500C00395
218,03, 53 ,B,Temperature,4,28BAD2C4060000ED,035304,49.980006,19.677057,212.8,A3B100F015D350C00454
219,03, 53 ,B,Temperature,4,28468BC50600000B,035305,49.980006,19.677057,211.8,A3B100F015D350C00454
220,03, 53 ,B,Temperature,4,28B601C50600000F,035306,49.980005,19.677234,212.05,A1B000F015D550C00155
221,03, 53 ,B,Temperature,4,287982C4060000BE,035307,49.980006,19.677057,213.8,A3B100F015D350C00454
222,03, 53 ,B,Temperature,4,287956C306000079,035308,49.980005,19.677196,211.93,A2B100F015D350C00057
223,03, 53 ,B,Temperature,4,280D8BC406000009,035309,49.980006,19.677106,214.74,A4B100F015D500C00040
224,03, 53 ,B,Temperature,4,280348C5060000F9,035310,49.980006,19.677159,213.74,A3B100F015D500C00395
225,03, 53 ,B,Temperature,4,28FB42C506000097,035311,49.980006,19.677106,212.74,A4B100F015D500C00040
226,03, 53 ,B,Temperature,4,286FD3C40600000F,035312,49.980005,19.677196,212.93,A2B100F015D350C00057
227,03, 53 ,B,Temperature,4,28EF48C406000022,035313,49.980006,19.677106,211.74,A4B100F015D500C00040
229,03, 55 ,B,Temperature,4,28946AC3060000BF,035501,49.979962,19.677105,214.65,A4B100F015D500C00127
230,03, 55 ,B,Temperature,4,2854B1C406000088,035502,49.979962,19.677056,213.72,A3B100F015D350C00008
231,03, 55 ,B,Temperature,4,28726EC4060000BD,035503,49.979961,19.677157,211.65,A3B100F015D500C00410
232,03, 55 ,B,Temperature,4,288A02C40600005E,035504,49.979962,19.677105,212.65,A4B100F015D500C00127
233,03, 55 ,B,Temperature,4,28866DC5060000D2,035505,49.979961,19.677194,211.85,A2B100F015D350C00168
234,03, 55 ,B,Temperature,4,28EED2C40600001F,035506,49.979962,19.677056,212.72,A3B100F015D350C00008
235,03, 55 ,B,Temperature,4,28A9DFC306000085,035507,49.979963,19.677004,211.72,A1B000F015D550C00026
236,03, 55 ,B,Temperature,4,289549C4060000B8,035508,49.979961,19.677157,212.65,A3B100F015D500C00410
237,03, 55 ,B,Temperature,4,28CD47C50600001A,035509,49.979961,19.677157,213.65,A3B100F015D500C00410
238,03, 55 ,B,Temperature,4,289D23C4060000B5,035510,49.979961,19.677233,211.97,A1B000F015D550C00081
239,03, 55 ,B,Temperature,4,28ABEBC306000070,035511,49.979962,19.677056,211.72,A3B100F015D350C00008
241,03, 55 ,B,Temperature,4,280FE7C406000057,035513,49.979962,19.677105,211.65,A4B100F015D500C00127
242,03, 55 ,B,Temperature,4,28EF54C3060000F9,035514,49.979962,19.677105,213.65,A4B100F015D500C00127
243,03, 56 ,B,Temperature,4,28C8AAC406000048,035600,49.97994,19.677005,211.86,A1B000F015D550C00209
244,03, 56 ,B,Temperature,4,28C896C506000062,035601,49.979939,19.677195,212.92,A2B100F015D350C00466
245,03, 56 ,B,Temperature,4,2854DAC4060000E9,035602,49.979939,19.677106,212.78,A4B100F015D500C00421
246,03, 56 ,B,Temperature,4,287C50C406000088,035603,49.979938,19.677234,212,A1B000F015D550C00152
247,03, 56 ,B,Temperature,4,28A2C7C4060000B9,035604,49.979939,19.677106,214.78,A4B100F015D500C00421
248,03, 56 ,B,Temperature,4,287A70C50600004D,035605,49.979939,19.677157,211.69,A3B100F015D500C00397
249,03, 56 ,B,Temperature,4,28C1B8C406000021,035606,49.979939,19.677157,212.69,A3B100F015D500C00397
250,03, 56 ,B,Temperature,4,28F1D24407000012,035607,49.97994,19.677057,211.83,A3B100F015D350C00361
251,03, 56 ,B,Temperature,4,287954440700000E,035608,49.97994,19.677057,212.83,A3B100F015D350C00361
252,03, 56 ,B,Temperature,4,2843D8C306000032,035609,49.979939,19.677106,213.78,A4B100F015D500C00421
253,03, 56 ,B,Temperature,4,28476AC50600002B,035610,49.979939,19.677106,211.78,A4B100F015D500C00421
254,03, 56 ,B,Temperature,4,284729C406000003,035611,49.979939,19.677195,211.92,A2B100F015D350C00466
255,03, 56 ,B,Temperature,4,28EF524407000091,035612,49.97994,19.677057,213.83,A3B100F015D350C00361
256,03, 56 ,B,Temperature,4,281F82C306000049,035613,49.979939,19.677157,213.69,A3B100F015D500C00397
257,03, 59 ,B,Temperature,4,28505DC306000029,035900,49.979871,19.677105,213.76,A4B100F015D500C00354
258,03, 59 ,B,Temperature,4,283879C40600002A,035901,49.979871,19.677157,211.67,A3B100F015D500C00437
259,03, 59 ,B,Temperature,4,289C68C30600009D,035902,49.97987,19.677196,212.93,A2B100F015D350C00462
260,03, 59 ,B,Temperature,4,282A22C4060000FA,035903,49.979871,19.677105,212.76,A4B100F015D500C00354
261,03, 59 ,B,Temperature,4,28F66FC5060000C9,035904,49.979872,19.677057,211.87,A3B100F015D350C00375
262,03, 59 ,B,Temperature,4,282EA8C3060000D6,035905,49.979872,19.677057,212.87,A3B100F015D350C00375
263,03, 59 ,B,Temperature,4,28214DC3060000FA,035906,49.97987,19.677196,211.93,A2B100F015D350C00462
264,03, 59 ,B,Temperature,4,28C987C5060000E4,035907,49.979871,19.677105,214.76,A4B100F015D500C00354
265,03, 59 ,B,Temperature,4,287927C5060000D0,035908,49.979871,19.677105,211.76,A4B100F015D500C00354
266,03, 59 ,B,Temperature,4,288D37C30600000B,035909,49.979871,19.677157,212.67,A3B100F015D500C00437
267,03, 59 ,B,Temperature,4,28CD74C5060000D0,035910,49.979872,19.677057,213.87,A3B100F015D350C00375
268,03, 59 ,B,Temperature,4,281D68C4060000C6,035911,49.979872,19.677004,211.9,A1B000F015D550C00034
269,03, 59 ,B,Temperature,4,283D5EC5060000E7,035912,49.97987,19.677233,212.06,A1B000F015D550C00154
270,03, 59 ,B,Temperature,4,28BDFEC4060000B1,035913,49.979871,19.677157,213.67,A3B100F015D500C00437
271,03, 62 ,B,Temperature,4,2800D5A2060000ED,036200,49.979736,19.677152,211.73,A3B100F015D500C00321
272,03, 62 ,B,Temperature,4,2878E3C406000055,036201,49.979736,19.677102,211.68,A4B100F015D500C00283
273,03, 62 ,B,Temperature,4,288481C506000047,036202,49.979735,19.677229,212.08,A1B000F015D550C00232
274,03, 62 ,B,Temperature,4,284C51C4060000A8,036203,49.979736,19.67719,211.96,A2B100F015D350C00023
275,03, 62 ,B,Temperature,4,281CCFC406000093,036204,49.979736,19.677152,212.73,A3B100F015D500C00321
276,03, 62 ,B,Temperature,4,289ACEC406000006,036205,49.979737,19.677,211.81,A1B000F015D550C00226
277,03, 62 ,B,Temperature,4,2886A8C30600002B,036206,49.979737,19.677052,213.79,A3B100F015D350C00450
278,03, 62 ,B,Temperature,4,28DE31C5060000E9,036207,49.979736,19.677102,212.68,A4B100F015D500C00283
279,03, 62 ,B,Temperature,4,28614EC406000047,036208,49.979736,19.67719,212.96,A2B100F015D350C00023
280,03, 62 ,B,Temperature,4,285129C4060000EA,036209,49.979737,19.677052,211.79,A3B100F015D350C00450
281,03, 62 ,B,Temperature,4,28D1C5C4060000FB,036210,49.979736,19.677152,213.73,A3B100F015D500C00321
282,03, 62 ,B,Temperature,4,28B5D7C30600009D,036211,49.979736,19.677102,214.68,A4B100F015D500C00283
283,03, 62 ,B,Temperature,4,280B16C4060000E0,036212,49.979736,19.677102,213.68,A4B100F015D500C00283
284,03, 62 ,B,Temperature,4,28AB50C30600004F,036213,49.979737,19.677052,212.79,A3B100F015D350C00450
285,03, 66 ,B,Temperature,4,285084C50600008D,036600,49.97958,19.6771,211.55,A4B100F015D500C00270
286,03, 66 ,B,Temperature,4,2834F1C306000024,036601,49.97958,19.677052,211.79,A3B100F015D350C00004
287,03, 66 ,B,Temperature,4,282284C4060000F4,036602,49.97958,19.6771,212.55,A4B100F015D500C00270
288,03, 66 ,B,Temperature,4,28623FC4060000BE,036603,49.979579,19.677152,212.62,A3B100F015D500C00398
289,03, 66 ,B,Temperature,4,28BA60C5060000AE,036604,49.97958,19.677052,213.79,A3B100F015D350C00004
290,03, 66 ,B,Temperature,4,28667CC4060000C5,036605,49.97958,19.6771,213.55,A4B100F015D500C00270
291,03, 66 ,B,Temperature,4,287183C4060000D2,036606,49.97958,19.677052,212.79,A3B100F015D350C00004
292,03, 66 ,B,Temperature,4,28D938C306000096,036607,49.979579,19.677152,213.62,A3B100F015D500C00398
293,03, 66 ,B,Temperature,4,282DABC406000047,036608,49.979581,19.677,211.79,A1B000F015D550C00289
294,03, 66 ,B,Temperature,4,2883DEC306000031,036609,49.979579,19.677229,211.94,A1B000F015D550C00051
295,03, 66 ,B,Temperature,4,28E311C5060000B6,036610,49.979579,19.67719,212.81,A2B100F015D350C00169
296,03, 66 ,B,Temperature,4,286764C50600003F,036611,49.979579,19.67719,211.81,A2B100F015D350C00169
297,03, 66 ,B,Temperature,4,282F28C506000023,036612,49.97958,19.6771,214.55,A4B100F015D500C00270
298,03, 66 ,B,Temperature,4,281F85C40600009E,036613,49.979579,19.677152,211.62,A3B100F015D500C00398
299,03, 67 ,B,Temperature,4,280049C4060000E2,036700,49.979551,19.677191,211.73,A2B100F015D350C00424
300,03, 67 ,B,Temperature,4,282095C3060000AD,036701,49.979551,19.6771,211.56,A4B100F015D500C00278
301,03, 67 ,B,Temperature,4,28581ED306000017,036702,49.979551,19.6771,213.56,A4B100F015D500C00278
302,03, 67 ,B,Temperature,4,28927FC406000025,036703,49.979551,19.6771,214.56,A4B100F015D500C00278
303,03, 67 ,B,Temperature,4,28CA76C5060000D6,036704,49.979551,19.6771,212.56,A4B100F015D500C00278
304,03, 67 ,B,Temperature,4,28A6B6C4060000C5,036705,49.979551,19.677191,212.73,A2B100F015D350C00424
305,03, 67 ,B,Temperature,4,28D666C406000003,036706,49.979552,19.677152,211.56,A3B100F015D500C00140
306,03, 67 ,B,Temperature,4,286E7AC506000077,036707,49.979552,19.677053,211.86,A3B100F015D350C00264
307,03, 67 ,B,Temperature,4,281140C40600007D,036708,49.979553,19.677,211.87,A1B000F015D550C00027
308,03, 67 ,B,Temperature,4,28D3E8C306000007,036709,49.979552,19.677053,212.86,A3B100F015D350C00264
309,03, 67 ,B,Temperature,4,28333FC506000028,036710,49.979552,19.677152,212.56,A3B100F015D500C00140
310,03, 67 ,B,Temperature,4,28EB94C50600000E,036711,49.979551,19.677229,211.89,A1B000F000D550C00112
311,03, 67 ,B,Temperature,4,289B7FC4060000B3,036712,49.979552,19.677152,213.56,A3B100F015D500C00140
312,03, 67 ,B,Temperature,4,28FF1BD30600001C,036713,49.979552,19.677053,213.86,A3B100F015D350C00264
313,03, 69 ,B,Temperature,4,288090C50600002A,036900,49.979512,19.677101,211.64,A4B100F015D500C00417
314,03, 69 ,B,Temperature,4,2890DEC4060000B5,036901,49.979512,19.677053,211.89,A3B100F015D350C00338
315,03, 69 ,B,Temperature,4,2804D0C40600007A,036902,49.979512,19.677,211.89,A1B000F015D550C00089
316,03, 69 ,B,Temperature,4,28C465C406000078,036903,49.979512,19.677053,212.89,A3B100F015D350C00338
317,03, 69 ,B,Temperature,4,2822C6C40600009E,036904,49.979512,19.677053,213.89,A3B100F015D350C00338
318,03, 69 ,B,Temperature,4,281248C30600009C,036905,49.979511,19.677191,212.73,A2B100F015D350C00021
319,03, 69 ,B,Temperature,4,285A42C5060000FC,036906,49.979511,19.677153,212.57,A3B100F015D500C00315
320,03, 69 ,B,Temperature,4,28BA60C406000021,036907,49.979512,19.677101,214.64,A4B100F015D500C00417
321,03, 69 ,B,Temperature,4,28C658C40600007E,036908,49.979511,19.677229,211.87,A1B100F000D550C00111
322,03, 69 ,B,Temperature,4,286143C506000024,036909,49.979512,19.677101,212.64,A4B100F015D500C00417
323,03, 69 ,B,Temperature,4,287918C4060000B4,036910,49.979512,19.677101,213.64,A4B100F015D500C00417
324,03, 69 ,B,Temperature,4,2873DCC3060000C0,036911,49.979511,19.677191,211.73,A2B100F015D350C00021
325,03, 69 ,B,Temperature,4,284791C5060000FD,036912,49.979511,19.677153,213.57,A3B100F015D500C00315
326,03, 69 ,B,Temperature,4,288F54C30600003A,036913,49.979511,19.677153,211.57,A3B100F015D500C00315
327,03, 70 ,B,Temperature,4,28808BA206000030,037000,49.979489,19.67715,211.58,A3B100F015D500C00180
328,03, 70 ,B,Temperature,4,28A04DC306000027,037001,49.979489,19.677099,211.63,A4B100F015D500C00134
329,03, 70 ,B,Temperature,4,28E84FC506000079,037002,49.979488,19.677189,211.78,A2B100F015D350C00170
330,03, 70 ,B,Temperature,4,28849FC306000090,037003,49.979489,19.677099,212.63,A4B100F015D500C00134
331,03, 70 ,B,Temperature,4,28CCC0C406000038,037004,49.979488,19.677189,212.78,A2B100F015D350C00170
332,03, 70 ,B,Temperature,4,287C03C406000053,037005,49.979489,19.67705,212.8,A3B100F015D350C00447
333,03, 70 ,B,Temperature,4,28FC7BC30600006C,037006,49.979489,19.67715,213.58,A3B100F015D500C00180
334,03, 70 ,B,Temperature,4,2806B3C40600004B,037007,49.979489,19.677099,214.63,A4B100F015D500C00134
335,03, 70 ,B,Temperature,4,28AE5FC5060000C2,037008,49.979489,19.677099,213.63,A4B100F015D500C00134
336,03, 70 ,B,Temperature,4,28A543C506000067,037009,49.979489,19.67715,212.58,A3B100F015D500C00180
337,03, 70 ,B,Temperature,4,289529C4060000A9,037010,49.979489,19.67705,213.8,A3B100F015D350C00447
338,03, 70 ,B,Temperature,4,28FD8FC5060000EB,037011,49.97949,19.676998,211.82,A1B000F015D550C00093
339,03, 70 ,B,Temperature,4,28C3ADC306000067,037012,49.979488,19.677227,211.87,A1B000F015D550C00149
340,03, 70 ,B,Temperature,4,28E399A206000055,037013,49.979489,19.67705,211.8,A3B100F015D350C00447